"tick";"Total";"ObligatedPurchaser";"Producers";"Trader"
0.0;1534013.6177083256;-2073200.8822916744;3608014.5;-800.0
