"tick";"Total";"ObligatedPurchaser";"Producers";"Trader"
0.0;1534013.6177083256;-2072950.8822916744;3607764.5;-800.0
