"tick";"Total";"ObligatedPurchaser";"Producers";"Trader"
0.0;1534013.6177083256;-2075150.8822916744;3609964.5;-800.0
