"tick";"Total";"ObligatedPurchaser";"Producers";"Trader"
0.0;6374013.617708326;-2052950.882291674;8426964.5;0.0
1.0;8478165.257715356;-2491555.0022846432;1.0969720259999998E7;0.0
